condition,test_name,p_value,significance,original_p_value,adjustment_method
cold,Wilcoxon配对检验,6.603406082022553e-11,***,5.282724865618042e-11,BH
drought,Wilcoxon配对检验,4.4706836604559e-41,***,8.9413673209118e-42,BH
heat,Wilcoxon配对检验,1.758678479830654e-25,***,1.0552070878983923e-25,BH
light,Wilcoxon配对检验,1.9073486328125e-6,***,1.9073486328125e-6,BH
salt,Wilcoxon配对检验,6.424442648566544e-29,***,2.5697770594266177e-29,BH
